{"Network Summary":{"Edges":142,"Nodes":222,"Sequences used to make links":222,"Clusters":103,"Singletons":1077},"Multiple sequences":{"Subjects with":0,"Followup, days":null},"Cluster sizes":[3,3,2,2,2,8,5,2,2,2,2,2,2,2,2,2,2,2,2,2,2,2,3,2,2,2,2,2,2,2,2,2,2,2,3,2,2,2,2,2,2,3,2,2,2,2,2,2,2,2,2,2,2,3,3,2,2,2,2,2,2,2,2,2,2,2,2,3,2,2,2,2,2,2,2,2,2,2,2,2,2,2,2,2,2,2,2,2,2,2,2,2,2,2,2,2,2,2,3,2,2,2],"HIV Stages":{"Unknown":222},"Directed Edges":{"Count":0,"Reasons for unresolved directions":{"Missing dates":142}},"Degrees":{"Distribution":[189,23,3,1,2,2,2],"Model":"Pareto","rho":3.151463993954794,"rho CI":[2.7051942358003287,3.6971064975019123],"BIC":274.2530039271171,"fitted":null},"Settings":{"threshold":0.015,"edge-filtering":null,"contaminants":null,"singletons":true,"compact_json":true,"created":"2023-10-19T12:27:23.279282+00:00"},"Nodes":{"cluster":[1,1,1,1,1,1,1,1,2,2,2,2,2,3,3,3,4,4,4,5,5,5,6,6,6,7,7,7,8,8,8,9,9,9,10,10,10,11,11,11,12,12,13,13,14,14,15,15,16,16,17,17,18,18,19,19,20,20,21,21,22,22,23,23,24,24,25,25,26,26,27,27,28,28,29,29,30,30,31,31,32,32,33,33,34,34,35,35,36,36,37,37,38,38,39,39,40,40,41,41,42,42,43,43,44,44,45,45,46,46,47,47,48,48,49,49,50,50,51,51,52,52,53,53,54,54,55,55,56,56,57,57,58,58,59,59,60,60,61,61,62,62,63,63,64,64,65,65,66,66,67,67,68,68,69,69,70,70,71,71,72,72,73,73,74,74,75,75,76,76,77,77,78,78,79,79,80,80,81,81,82,82,83,83,84,84,85,85,86,86,87,87,88,88,89,89,90,90,91,91,92,92,93,93,94,94,95,95,96,96,97,97,98,98,99,99,100,100,101,101,102,102],"id":["MG436290.1","MG436358.1","MG436272.1","MG436342.1","MG435847.1","MG436301.1","MG436322.1","MG435836.1","MG435274.1","MG436080.1","MG434964.1","MG435016.1","MG434933.1","JX498976.1","JX499004.1","MG436712.1","JX499001.1","MG436620.1","MG436708.1","MG436710.1","JX499003.1","MG435830.1","MG435062.1","MG436662.1","MG436665.1","MG435133.1","MG435205.1","MG436369.1","MG435153.1","MG435227.1","MG435879.1","MG436375.1","MG436383.1","MG436385.1","MG436461.1","MG436462.1","MG436459.1","MG436636.1","MG436637.1","MG436642.1","JX498972.1","MG436703.1","JX498977.1","MG436693.1","MG436696.1","JX498978.1","MG436699.1","JX498979.1","MG436702.1","JX498980.1","JX498982.1","JX498999.1","JX498983.1","JX498987.1","JX498984.1","MG436700.1","JX498985.1","MG436701.1","JX498986.1","MG436705.1","JX498990.1","MG436704.1","JX498992.1","JX498993.1","MG436714.1","JX499000.1","JX499002.1","MG436709.1","JX499007.1","MG436707.1","MG436713.1","JX499008.1","MG436715.1","JX499014.1","JX499015.1","MG436716.1","MG434786.1","MG434830.1","MG434803.1","MG434908.1","MG434809.1","MG434811.1","MG434883.1","MG434819.1","MG434823.1","MG434826.1","MG434901.1","MG434898.1","MG434931.1","MG434934.1","MG434932.1","MG434957.1","MG435800.1","MG434939.1","MG434944.1","MG435801.1","MG434963.1","MG434965.1","MG435707.1","MG434971.1","MG434986.1","MG435213.1","MG435070.1","MG435002.1","MG435012.1","MG435013.1","MG435030.1","MG435037.1","MG435031.1","MG435038.1","MG435033.1","MG435040.1","MG435034.1","MG435041.1","MG435035.1","MG435042.1","MG435036.1","MG435043.1","MG435046.1","MG435894.1","MG435069.1","MG435296.1","MG435081.1","MG435122.1","MG435097.1","MG435833.1","MG435300.1","MG435121.1","MG435149.1","MG435430.1","MG435150.1","MG435861.1","MG435176.1","MG436098.1","MG435217.1","MG435832.1","MG435277.1","MG436042.1","MG435292.1","MG435558.1","MG435345.1","MG435554.1","MG435370.1","MG436509.1","MG435373.1","MG435451.1","MG435390.1","MG435656.1","MG435435.1","MG435471.1","MG435439.1","MG435614.1","MG435447.1","MG435489.1","MG435480.1","MG436515.1","MG435648.1","MG435484.1","MG435493.1","MG436011.1","MG435494.1","MG435505.1","MG435498.1","MG435640.1","MG435589.1","MG435595.1","MG435666.1","MG436389.1","MG435675.1","MG436330.1","MG435702.1","MG436258.1","MG435746.1","MG436589.1","MG435769.1","MG436602.1","MG435774.1","MG436549.1","MG435782.1","MG436538.1","MG435818.1","MG435817.1","MG435874.1","MG436640.1","MG435922.1","MG435923.1","MG435924.1","MG435925.1","MG435982.1","MG436122.1","MG436008.1","MG436090.1","MG436044.1","MG436048.1","MG436157.1","MG436503.1","MG436350.1","MG436355.1","MG436401.1","MG436402.1","MG436676.1","MG436420.1","MG436427.1","MG436429.1","MG436437.1","MG436442.1","MG436463.1","MG436465.1","MG436476.1","MG436479.1","MG436501.1","MG436500.1","MG436521.1","MG436555.1","MG436523.1","MG436534.1","MG436526.1","MG436527.1","MG436635.1","MG436618.1","MG436692.1","MG436725.1"]},"Edges":{"directed":{"keys":{"0":false},"values":[0,0,0,0,0,0,0,0,0,0,0,0,0,0,0,0,0,0,0,0,0,0,0,0,0,0,0,0,0,0,0,0,0,0,0,0,0,0,0,0,0,0,0,0,0,0,0,0,0,0,0,0,0,0,0,0,0,0,0,0,0,0,0,0,0,0,0,0,0,0,0,0,0,0,0,0,0,0,0,0,0,0,0,0,0,0,0,0,0,0,0,0,0,0,0,0,0,0,0,0,0,0,0,0,0,0,0,0,0,0,0,0,0,0,0,0,0,0,0,0,0,0,0,0,0,0,0,0,0,0,0,0,0,0,0,0,0,0,0,0,0,0]},"support":{"keys":{"0":0.0},"values":[0,0,0,0,0,0,0,0,0,0,0,0,0,0,0,0,0,0,0,0,0,0,0,0,0,0,0,0,0,0,0,0,0,0,0,0,0,0,0,0,0,0,0,0,0,0,0,0,0,0,0,0,0,0,0,0,0,0,0,0,0,0,0,0,0,0,0,0,0,0,0,0,0,0,0,0,0,0,0,0,0,0,0,0,0,0,0,0,0,0,0,0,0,0,0,0,0,0,0,0,0,0,0,0,0,0,0,0,0,0,0,0,0,0,0,0,0,0,0,0,0,0,0,0,0,0,0,0,0,0,0,0,0,0,0,0,0,0,0,0,0,0]},"source":[40,13,13,42,45,47,49,50,52,54,56,58,60,62,65,16,16,66,20,20,14,68,71,73,74,76,78,80,83,84,87,88,90,12,12,93,94,96,10,10,10,99,100,103,104,11,106,108,110,112,114,116,118,22,120,122,124,127,25,128,130,28,28,132,26,134,29,136,138,140,142,144,146,148,150,152,154,157,158,160,162,164,166,168,170,172,174,176,178,181,21,7,7,7,4,4,4,182,184,186,188,190,192,194,2,2,2,2,2,0,0,0,0,5,5,5,6,6,3,196,31,32,198,201,202,204,36,36,34,206,208,211,212,214,216,219,17,37,37,38,23,220],"length":[0.00296825,0.00197674,0.0,0.0,0.00197552,0.0,0.0,0.000988759,0.000927543,0.0,0.00197675,0.00478972,0.0,0.0,0.000796704,0.00330443,0.000824857,0.0,0.003998,0.0,0.00159392,0.0,0.000796057,0.0,0.0,0.014506,0.00399796,0.0141052,0.00480127,0.0104852,0.0056213,0.0064131,0.0128981,0.0105104,0.00279851,0.0068264,0.000798617,0.00412237,0.00603277,0.00361938,0.0141657,0.00480387,0.0088189,0.00640363,0.001598,0.00763327,0.0,0.0,0.00359901,0.0,0.000397899,0.000399809,0.00480155,0.0124575,0.00762996,0.000797226,0.00721941,0.0140965,0.0121843,0.013698,0.0137406,0.00680009,0.0104383,0.0112825,0.0143553,0.00562376,0.00439442,0.0128735,0.00965636,0.008853,0.0145206,0.0137095,0.00599358,0.00219123,0.00279173,0.00640291,0.0120491,0.0133005,0.0136649,0.000796689,0.00642633,0.0128647,0.0128701,0.00801574,0.0112508,0.0039918,0.0,0.0031942,0.0072142,0.00560451,0.00399801,0.0146944,0.0140847,0.0149078,0.0149172,0.0130574,0.0128597,0.0128786,0.00398688,0.00639804,0.00967394,0.012452,0.00720604,0.0124786,0.00298957,0.00259085,0.00199207,0.00279006,0.00418969,0.00199207,0.00219157,0.00259086,0.00199207,0.00219157,0.00259086,0.00199207,0.00199207,0.00298957,0.00259086,0.0,0.00239696,0.0128597,0.00480072,0.00801314,0.0064124,0.0112456,0.000796701,0.00159395,0.00239297,0.00882076,0.00720596,0.00801606,0.00399284,0.0112403,0.00639982,0.00559841,0.00239294,0.000397899,0.0116455,0.0132734,0.00639998,0.00159568],