{"Network Summary":{"Edges":238,"Nodes":296,"Sequences used to make links":296,"Clusters":120,"Singletons":1003},"Multiple sequences":{"Subjects with":0,"Followup, days":null},"Cluster sizes":[3,29,4,2,2,2,13,6,2,2,2,2,2,5,2,2,2,2,2,2,2,2,2,3,2,2,2,2,2,2,2,3,2,2,2,2,2,3,2,2,2,2,2,2,2,2,2,3,2,2,2,2,2,3,2,2,2,2,2,2,2,3,3,2,2,2,2,2,3,2,2,2,2,2,2,3,2,2,2,2,2,2,2,2,2,2,2,2,2,2,2,2,2,2,2,2,2,2,2,2,2,2,2,2,2,2,2,2,2,2,2,2,2,2,3,2,2,2,2],"HIV Stages":{"Unknown":296},"Directed Edges":{"Count":0,"Reasons for unresolved directions":{"Missing dates":238}},"Degrees":{"Distribution":[227,40,9,3,6,1,2,2,4,0,1,0,0,0,0,0,1],"Model":"Pareto","rho":2.6064477286918133,"rho CI":[2.3320203901975036,2.924687311264533],"BIC":555.0106560959163,"fitted":null},"Settings":{"threshold":0.02035,"edge-filtering":null,"contaminants":null,"singletons":true,"compact_json":true,"created":"2023-10-19T12:27:18.021769+00:00"},"Nodes":{"cluster":[1,1,1,1,1,1,1,1,1,1,1,1,1,1,1,1,1,1,1,1,1,1,1,1,1,1,1,1,1,2,2,2,2,2,2,2,2,2,2,2,2,2,3,3,3,3,3,3,4,4,4,4,4,5,5,5,5,6,6,6,7,7,7,8,8,8,9,9,9,10,10,10,11,11,11,12,12,12,13,13,13,14,14,14,15,15,15,16,16,16,17,17,18,18,19,19,20,20,21,21,22,22,23,23,24,24,25,25,26,26,27,27,28,28,29,29,30,30,31,31,32,32,33,33,34,34,35,35,36,36,37,37,38,38,39,39,40,40,41,41,42,42,43,43,44,44,45,45,46,46,47,47,48,48,49,49,50,50,51,51,52,52,53,53,54,54,55,55,56,56,57,57,58,58,59,59,60,60,61,61,62,62,63,63,64,64,65,65,66,66,67,67,68,68,69,69,70,70,71,71,72,72,73,73,74,74,75,75,76,76,77,77,78,78,79,79,80,80,81,81,82,82,83,83,84,84,85,85,86,86,87,87,88,88,89,89,90,90,91,91,92,92,93,93,94,94,95,95,96,96,97,97,98,98,99,99,100,100,101,101,102,102,103,103,104,104,105,105,106,106,107,107,108,108,109,109,110,110,111,111,112,112,113,113,114,114,115,115,116,116,117,117,118,118,119,119],"id":["MG435133.1","MG435205.1","MG435670.1","MG436359.1","MG436369.1","MG435295.1","MG435300.1","MG435589.1","MG435595.1","MG435597.1","MG435800.1","MG435660.1","MG434939.1","MG435033.1","MG435040.1","MG435121.1","MG435168.1","MG435226.1","MG435268.1","MG436325.1","MG435864.1","MG435520.1","MG435021.1","MG436106.1","MG435170.1","MG435219.1","MG435316.1","MG436670.1","MG436233.1","MG436290.1","MG436358.1","MG436272.1","MG436342.1","MG435847.1","MG436301.1","MG436322.1","MG435821.1","MG435831.1","MG435834.1","MG435836.1","MG435837.1","MG435885.1","MG435274.1","MG436080.1","MG434964.1","MG435016.1","MG435159.1","MG434933.1","MG435097.1","MG435328.1","MG436206.1","MG435511.1","MG435833.1","MG434963.1","MG436714.1","JX499000.1","MG434965.1","JX498976.1","JX499004.1","MG436712.1","JX498982.1","JX498999.1","MG436644.1","JX499001.1","MG436620.1","MG436708.1","MG436710.1","JX499003.1","MG435830.1","MG435062.1","MG436662.1","MG436665.1","MG435153.1","MG435227.1","MG435879.1","MG435370.1","MG435730.1","MG436509.1","MG436157.1","MG436155.1","MG436503.1","MG436375.1","MG436383.1","MG436385.1","MG436461.1","MG436462.1","MG436459.1","MG436636.1","MG436637.1","MG436642.1","JX498972.1","MG436703.1","JX498977.1","MG436693.1","MG436696.1","JX498978.1","MG436699.1","JX498979.1","MG436702.1","JX498980.1","JX498983.1","JX498987.1","JX498984.1","MG436700.1","JX498985.1","MG436701.1","JX498986.1","MG436705.1","JX498990.1","MG436704.1","JX498992.1","JX498993.1","JX499002.1","MG436709.1","JX499007.1","MG436707.1","MG436713.1","JX499008.1","MG436715.1","JX499014.1","JX499015.1","MG436716.1","MG434786.1","MG434830.1","MG434792.1","MG434911.1","MG434803.1","MG434908.1","MG434809.1","MG434811.1","MG434817.1","MG434810.1","MG434883.1","MG434819.1","MG434823.1","MG434826.1","MG434901.1","MG434898.1","MG434931.1","MG434934.1","MG434932.1","MG434957.1","MG434944.1","MG435801.1","MG435707.1","MG434971.1","MG434978.1","MG435627.1","MG434984.1","MG435076.1","MG434986.1","MG435213.1","MG435070.1","MG435002.1","MG435202.1","MG435008.1","MG435012.1","MG435013.1","MG435337.1","MG435014.1","MG435030.1","MG435037.1","MG435031.1","MG435038.1","MG435034.1","MG435041.1","MG435035.1","MG435042.1","MG435036.1","MG435043.1","MG435046.1","MG435894.1","MG435069.1","MG435296.1","MG435081.1","MG435122.1","MG435149.1","MG435430.1","MG435150.1","MG435861.1","MG435173.1","MG436661.1","MG435176.1","MG436098.1","MG435217.1","MG435832.1","MG435253.1","MG435291.1","MG435260.1","MG435343.1","MG435277.1","MG436042.1","MG435292.1","MG435558.1","MG435332.1","MG435854.1","MG435345.1","MG435554.1","MG435373.1","MG435451.1","MG435390.1","MG435656.1","MG435399.1","MG435628.1","MG435435.1","MG435471.1","MG435439.1","MG435614.1","MG435442.1","MG435772.1","MG435444.1","MG435468.1","MG435447.1","MG435489.1","MG435472.1","MG436208.1","MG435477.1","MG435636.1","MG435480.1","MG436515.1","MG435648.1","MG435484.1","MG435986.1","MG435492.1","MG435493.1","MG436011.1","MG435494.1","MG435505.1","MG435498.1","MG435640.1","MG435666.1","MG436389.1","MG435675.1","MG436330.1","MG435702.1","MG436258.1","MG435746.1","MG436589.1","MG435769.1","MG436602.1","MG435774.1","MG436549.1","MG435782.1","MG436538.1","MG435818.1","MG435817.1","MG435874.1","MG436640.1","MG435922.1","MG435923.1","MG435924.1","MG435925.1","MG435934.1","MG435933.1","MG435982.1","MG436122.1","MG436008.1","MG436090.1","MG436044.1","MG436048.1","MG436186.1","MG436123.1","MG436340.1","MG436343.1","MG436350.1","MG436355.1","MG436401.1","MG436402.1","MG436676.1","MG436420.1","MG436427.1","MG436429.1","MG436437.1","MG436442.1","MG436666.1","MG436458.1","MG436463.1","MG436465.1","MG436476.1","MG436479.1","MG436501.1","MG436500.1","MG436521.1","MG436555.1","MG436523.1","MG436534.1","MG436526.1","MG436527.1","MG436759.1","MG436535.1","MG436635.1","MG436618.1","MG436630.1","MG436673.1","MG436692.1","MG436725.1"]},"Edges":{"directed":{"keys":{"0":false},"values":[0,0,0,0,0,0,0,0,0,0,0,0,0,0,0,0,0,0,0,0,0,0,0,0,0,0,0,0,0,0,0,0,0,0,0,0,0,0,0,0,0,0,0,0,0,0,0,0,0,0,0,0,0,0,0,0,0,0,0,0,0,0,0,0,0,0,0,0,0,0,0,0,0,0,0,0,0,0,0,0,0,0,0,0,0,0,0,0,0,0,0,0,0,0,0,0,0,0,0,0,0,0,0,0,0,0,0,0,0,0,0,0,0,0,0,0,0,0,0,0,0,0,0,0,0,0,0,0,0,0,0,0,0,0,0,0,0,0,0,0,0,0,0,0,0,0,0,0,0,0,0,0,0,0,0,0,0,0,0,0,0,0,0,0,0,0,0,0,0,0,0,0,0,0,0,0,0,0,0,0,0,0,0,0,0,0,0,0,0,0,0,0,0,0,0,0,0,0,0,0,0,0,0,0,0,0,0,0,0,0,0,0,0,0,0,0,0,0,0,0,0,0,0,0,0,0,0,0,0,0,0,0,0,0,0,0,0,0]},"target":[91,58,59,93,94,96,98,61,62,101,103,105,107,109,111,62,53,56,54,64,65,113,68,66,59,115,116,118,121,123,125,127,129,130,132,135,136,139,141,44,45,42,10,143,56,54,45,46,42,43,144,147,149,151,152,154,157,158,46,42,43,15,161,163,14,15,165,167,169,15,171,70,71,173,175,49,51,52,50,0,16,25,17,18,5,6,26,9,2,10,20,23,19,1,11,2,3,4,27,177,179,73,74,42,6,2,19,181,183,21,4,185,74,187,189,2,43,191,193,8,2,19,51,195,197,76,77,199,201,203,205,207,209,211,213,215,217,219,220,222,225,227,229,50,8,2,19,231,10,23,19,233,235,237,239,241,243,28,244,30,66,29,30,33,31,34,32,30,31,29,34,35,32,30,33,29,32,30,41,31,29,34,35,32,30,247,249,251,252,255,257,259,260,78,80,29,34,35,32,30,34,35,32,30,35,32,30,32,30,263,30,265,82,83,83,267,268,271,273,274,84,85,85,277,279,280,283,285,287,288,290,65,293,88,89,89,71,295],"attributes":{"keys":{"0":["BULK"]},"values":[0,0,0,0,0,0,0,0,0,0,0,0,0,0,0,0,0,0,0,0,0,0,0,0,0,0,0,0,0,0,0,0,0,0,0,0,0,0,0,0,0,0,0,0,0,0,0,0,0,0,0,0,0,0,0,0,0,0,0,0,0,0,0,0,0,0,0,0,0,0,0,0,0,0,0,0,0,0,0,0,0,0,0,0,0,0,0,0,0,0,0,0,0,0,0,0,0,0,0,0,0,0,0,0,0,0,0,0,0,0,0,0,0,0,0,0,0,0,0,0,0,0,0,0,0,0,0,0,0,0,0,0,0,0,0,0,0,0,0,0,0,0,0,0,0,0,0,0,0,0,0,0,0,0,0,0,0,0,0,0,0,0,0,0,0,0,0,0,0,0,0,0,0,0,0,0,0,0,0,0,0,0,0,0,0,0,0,0,0,0,0,0,0,0,0,0,0,0,0,0,0,0,0,0,0,0,0,0,0,0,0,0,0,0,0,0,0,0,0,0,0,0,0,0,0,0,0,0,0,0,0,0,0,0,0,0,0,0]},"support":{"keys":{"0":0.0},