{"Network Summary":{"Edges":113,"Nodes":119,"Sequences used to make links":119,"Clusters":34,"Singletons":147},"Multiple sequences":{"Subjects with":0,"Followup, days":null},"Cluster sizes":[3,2,2,3,9,4,3,2,27,3,6,2,2,2,2,2,3,6,3,2,3,3,2,3,2,2,2,2,2,4,2,2,2],"HIV Stages":{"Unknown":119},"Directed Edges":{"Count":0,"Reasons for unresolved directions":{"Missing dates":113}},"Degrees":{"Distribution":[67,30,12,3,6,0,0,0,0,0,0,0,0,0,0,0,0,0,0,0,1],"Model":"Waring","rho":6.1352043459908145,"rho CI":[4.528456677371332,8.495711817811962],"BIC":312.4993836437589,"fitted":[0.5869284288037347,0.21757563100847818,0.09339333381202596,0.044625500969250824,0.02315084114143912,0.012820475829841502,0.007487591098302349,0.004570766606525794,0.0028965108730969126,0.0018953051527437464,0.0012751170149943173,0.0008789961789832886,0.0006190922320429193,0.00044445397249203924,0.00032459016608994695,0.0002407380853951792,0.0001810605099594004,0.0001379197699591097,0.00010628655214797897,8.278721849890437e-05,6.512011842080994e-05]},"Settings":{"threshold":0.014829999999999564,"edge-filtering":null,"contaminants":null,"singletons":true,"compact_json":true,"created":"2023-10-20T17:07:49.396616+00:00"},"Nodes":{"cluster":[1,1,1,1,1,1,1,1,1,1,1,1,1,1,1,1,1,1,1,1,1,1,1,1,1,1,1,2,2,2,2,2,2,2,2,2,3,3,3,3,3,3,4,4,4,4,4,4,5,5,5,5,6,6,6,6,7,7,7,8,8,8,9,9,9,10,10,10,11,11,11,12,12,12,13,13,13,14,14,14,15,15,15,16,16,17,17,18,18,19,19,20,20,21,21,22,22,23,23,24,24,25,25,26,26,27,27,28,28,29,29,30,30,31,31,32,32,33,33],"id":["ON736570.1","ON736525.1","ON736526.1","ON736613.1","ON736612.1","ON736607.1","ON736693.1","ON736664.1","ON736517.1","ON736505.1","ON736475.1","ON736530.1","ON736685.1","ON736622.1","ON736462.1","ON736709.1","ON736471.1","ON736647.1","ON736461.1","ON736503.1","ON736672.1","ON736514.1","ON736615.1","ON736655.1","ON736730.1","ON736735.1","ON736621.1","ON736675.1","ON736532.1","ON736654.1","ON736550.1","ON736711.1","ON736678.1","ON736660.1","ON736459.1","ON736633.1","ON736494.1","ON736491.1","ON736597.1","ON736705.1","ON736446.1","ON736579.1","ON736739.1","ON736582.1","ON736568.1","ON736562.1","ON736563.1","ON736557.1","ON736545.1","ON736512.1","ON736731.1","ON736658.1","ON736626.1","ON736625.1","ON736666.1","ON736602.1","ON736618.1","ON736445.1","ON736657.1","ON736489.1","ON736476.1","ON736710.1","ON736683.1","ON736481.1","ON736681.1","ON736533.1","ON736502.1","ON736552.1","ON736679.1","ON736561.1","ON736729.1","ON736574.1","ON736572.1","ON736573.1","ON736637.1","ON736600.1","ON736703.1","ON736649.1","ON736601.1","ON736700.1","ON736638.1","ON736632.1","ON736656.1","ON736451.1","ON736450.1","ON736522.1","ON736453.1","ON736718.1","ON736464.1","ON736704.1","ON736468.1","ON736534.1","ON736477.1","ON736565.1","ON736480.1","ON736680.1","ON736482.1","ON736576.1","ON736488.1","ON736732.1","ON736511.1","ON736714.1","ON736524.1","ON736559.1","ON736540.1","ON736603.1","ON736589.1","ON736737.1","ON736592.1","ON736596.1","ON736594.1","ON736635.1","ON736634.1","ON736652.1","ON736636.1","ON736642.1","ON736640.1","ON736690.1","ON736661.1"]},"Edges":{"source":[57,57,40,40,40,84,86,34,34,18,14,88,90,16,10,10,60,60,92,94,63,63,96,98,59,37,36,36,36,66,66,19,9,100,49,49,49,21,21,8,8,8,102,1,1,1,2,2,2,11,28,28,104,48,48,30,30,30,30,47,47,47,69,69,45,45,45,45,46,46,44,0,0,72,72,43,106,108,110,38,75,75,78,78,55,5,4,4,4,3,3,3,3,3,3,3,3,3,56,53,52,81,81,112,114,74,116,77,51,118,32,64,12],"directed":{"keys":{"0":false},"values":[0,0,0,0,0,0,0,0,0,0,0,0,0,0,0,0,0,0,0,0,0,0,0,0,0,0,0,0,0,0,0,0,0,0,0,0,0,0,0,0,0,0,0,0,0,0,0,0,0,0,0,0,0,0,0,0,0,0,0,0,0,0,0,0,0,0,0,0,0,0,0,0,0,0,0,0,0,0,0,0,0,0,0,0,0,0,0,0,0,0,0,0,0,0,0,0,0,0,0,0,0,0,0,0,0,0,0,0,0,0,0,0,0]},"target":[56,58,36,38,39,83,85,33,31,3,3,87,89,3,3,7,59,61,91,93,64,62,95,97,61,36,41,38,39,65,67,3,3,99,48,51,50,3,25,1,2,0,101,2,0,5,0,5,3,3,30,27,103,51,50,35,29,33,27,45,46,43,68,70,46,44,43,42,44,43,43,5,3,73,71,42,105,107,109,39,74,76,77,79,54,3,3,7,6,22,26,13,17,23,7,20,12,24,58,52,54,80,82,111,113,76,115,79,50,117,31,62,15],"support":{"keys":{"0":0.0},"values":[0,0,0,0,0,0,0,0,0,0,0,0,0,0,0,0,0,0,0,0,0,0,0,0,0,0,0,0,0,0,0,0,0,0,0,0,0,0,0,0,0,0,0,0,0,0,0,0,0,0,0,0,0,0,0,0,0,0,0,0,0,0,0,0,0,0,0,0,0,0,0,0,0,0,0,0,0,0,0,0,0,0,0,0,0,0,0,0,0,0,0,0,0,0,0,0,0,0,0,0,0,0,0,0,0,0,0,0,0,0,0,0,0]},"attributes":{"keys":{"0":["BULK"]},"values":[0,0,0,0,0,0,0,0,0,0,0,0,0,0,0,0,0,0,0,0,0,0,0,0,0,0,0,0,0,0,0,0,0,0,0,0,0,0,0,0,0,0,0,0,0,0,0,0,0,0,0,0,0,0,0,0,0,0,0,0,0,0,0,0,0,0,0,0,0,0,0,0,0,0,0,0,0,0,0,0,0,0,0,0,0,0,0,0,0,0,0,0,0,0,0,0,0,0,0,0,0,0,0,0,0,0,0,0,0,0,0,0,0]},"sequences":[["ON736445.1","ON736618.1"],["ON736445.1","ON736657.1"],["ON736446.1","ON736494.1"],["ON736446.1","ON736597.1"],["ON736446.1","ON736705.1"],["ON736450.1","ON736451.1"],["ON736453.1","ON736522.1"],["ON736459.1","ON736660.1"],["ON736459.1","ON736711.1"],["ON736461.1","ON736613.1"],["ON736462.1","ON736613.1"],["ON736464.1","ON736718.1"],["ON736468.1","ON736704.1"],["ON736471.1","ON736613.1"],["ON736475.1","ON736613.1"],["ON736475.1","ON736664.1"],["ON736476.1","ON736489.1"],["ON736476.1","ON736710.1"],["ON736477.1","ON736534.1"],["ON736480.1","ON736565.1"],["ON736481.1","ON736681.1"],["ON736481.1","ON736683.1"],["ON736482.1","ON736680.1"],["ON736488.1","ON736576.1"],["ON736489.1","ON736710.1"],["ON736491.1","ON736494.1"],["ON736494.1","ON736579.1"],["ON736494.1","ON736597.1"],["ON736494.1","ON736705.1"],["ON736502.1","ON736533.1"],["ON736502.1","ON736552.1"],["ON736503.1","ON736613.1"],["ON736505.1","ON736613.1"],["ON736511.1","ON736732.1"],["ON736512.1","ON736545.1"],["ON736512.1","ON736658.1"],["ON736512.1","ON736731.1"],["ON736514.1","ON736613.1"],["ON736514.1","ON736735.1"],["ON736517.1","ON736525.1"],["ON736517.1","ON736526.1"],["ON736517.1","ON736570.1"],["ON736524.1","ON736714.1"],["ON736525.1","ON736526.1"],["ON736525.1","ON736570.1"],["ON736525.1","ON736607.1"],["ON736526.1","ON736570.1"],["ON736526.1","ON736607.1"],["ON736526.1","ON736613.1"],["ON736530.1","ON736613.1"],["ON736532.1","ON736550.1"],["ON736532.1","ON736675.1"],["ON736540.1","ON736559.1"],["ON736545.1","ON736658.1"],["ON736545.1","ON736731.1"],["ON736550.1","ON736633.1"],["ON736550.1","ON736654.1"],["ON736550.1","ON736660.1"],["ON736550.1","ON736675.1"],["ON736557.1","ON736562.1"],["ON736557.1","ON736563.1"],["ON736557.1","ON736582.1"],["ON736561.1","ON736679.1"],["ON736561.1","ON736729.1"],["ON736562.1","ON736563.1"],["ON736562.1","ON736568.1"],["ON736562.1","ON736582.1"],["ON736562.1","ON736739.1"],["ON736563.1","ON736568.1"],["ON736563.1","ON736582.1"],["ON736568.1","ON736582.1"],["ON736570.1","ON736607.1"],["ON736570.1","ON736613.1"],["ON736572.1","ON736573.1"],["ON736572.1","ON736574.1"],["ON736582.1","ON736739.1"],["ON736589.1","ON736603.1"],["ON736592.1","ON736737.1"],["ON736594.1","ON736596.1"],["ON736597.1","ON736705.1"],["ON736600.1","ON736637.1"],["ON736600.1","ON736703.1"],["ON736601.1","ON736649.1"],["ON736601.1","ON736700.1"],["ON736602.1","ON736666.1"],["ON736607.1","ON736613.1"],["ON736612.1","ON736613.1"],["ON736612.1","ON736664.1"],["ON736612.1","ON736693.1"],["ON736613.1","ON736615.1"],["ON736613.1","ON736621.1"],["ON736613.1","ON736622.1"],["ON736613.1","ON736647.1"],["ON736613.1","ON736655.1"],["ON736613.1","ON736664.1"],["ON736613.1","ON736672.1"],["ON736613.1","ON736685.1"],["ON736613.1","ON736730.1"],["ON736618.1","ON736657.1"],["ON736625.1","ON736626.1"],["ON736626.1","ON736666.1"],["ON736632.1","ON736638.1"],["ON736632.1","ON736656.1"],["ON736634.1","ON736635.1"],["ON736636.1","ON736652.1"],["ON736637.1","ON736703.1"],["ON736640.1","ON736642.1"],["ON736649.1","ON736700.1"],["ON736658.1","ON736731.1"],["ON736661.1","ON736690.1"],["ON736678.1","ON736711.1"],["ON736681.1","ON736683.1"],["ON736685.1","ON736709.1"]],"removed":{"keys":{"0":false},"values":[0,0,0,0,0,0,0,0,0,0,0,0,0,0,0,0,0,0,0,0,0,0,0,0,0,0,0,0,0,0,0,0,0,0,0,0,0,0,0,0,0,0,0,0,0,0,0,0,0,0,0,0,0,0,0,0,0,0,0,0,0,0,0,0,0,0,0,0,0,0,0,0,0,0,0,0,0,0,0,0,0,0,0,0,0,0,0,0,0,0,0,0,0,0,0,0,0,0,0,0,0,0,0,0,0,0,0,0,0,0,0,0,0]},